<?xml version="1.0" encoding="UTF-8" ?>
<!DOCTYPE mapper PUBLIC "-//mybatis.org//DTD Mapper 3.0//EN"
        "http://mybatis.org/dtd/mybatis-3-mapper.dtd">
<mapper namespace="com.bobo.springbootehcache.mapper.BookMapper">

    <resultMap id="bookMapper" type="com.bobo.springbootehcache.entity.Book">
        <id property="id" column="id"></id>
        <result property="name" column="name"></result>
        <result property="price" column="price"></result>
        <result property="amount" column="amount"></result>
    </resultMap>

    <select id="selectBooks" resultMap="bookMapper">
        select * from book
        <where>
            <if test="book != null">
                <if test="book.id != null">id=#{book.id}</if>
                <if test="book.secondsKill != null">seconds_kill=#{book.secondsKill}</if>
            </if>
        </where>
    </select>

    <update id="updateBook">
        update book
        <set>
            <if test="book.name != null"> name=#{book.name}, </if>
            <if test="book.price != null"> price=#{book.price}, </if>
            <if test="book.amount != null"> amount=#{book.amount} </if>
        </set>
        where id=#{book.id}
    </update>
</mapper>