<?xml version="1.0" encoding="UTF-8" ?>
<!DOCTYPE mapper PUBLIC "-//mybatis.org//DTD Mapper 3.0//EN"
        "http://mybatis.org/dtd/mybatis-3-mapper.dtd">
<mapper namespace="com.bobo.springbootredis.mapper.BookMapper">

    <resultMap id="bookMapper" type="com.bobo.springbootredis.entity.Book">
        <id property="id" column="id"></id>
        <result property="name" column="name"></result>
        <result property="price" column="price"></result>
        <result property="amount" column="amount"></result>
    </resultMap>

    <select id="selectBookById" resultMap="bookMapper">
        select * from book where id=#{id}
    </select>
</mapper>